Partner,Method,Column,Region,Class,n,Mean,Median,Std,Min,Max
P48436_SOX9_197-202,saambe3d,ddg_P48436_SOX9_197-202_str_saambe3d,Full,Benign,4,0.217,0.195,0.143,0.07,0.41
P48436_SOX9_197-202,saambe3d,ddg_P48436_SOX9_197-202_str_saambe3d,Full,Pathogenic,9,0.441,0.36,0.528,-0.29,1.25
P48436_SOX9_197-202,foldx,ddg_P48436_SOX9_197-202_str_foldx,Full,Benign,4,-0.445,0.0,0.89,-1.779,0.0
P48436_SOX9_197-202,foldx,ddg_P48436_SOX9_197-202_str_foldx,Full,Pathogenic,9,-0.293,-0.137,0.588,-1.546,0.577
P48436_SOX9_197-202,mcsmppi,ddg_P48436_SOX9_197-202_str_mcsmppi,Full,Benign,4,-0.529,-0.293,0.777,-1.652,0.122
P48436_SOX9_197-202,mcsmppi,ddg_P48436_SOX9_197-202_str_mcsmppi,Full,Pathogenic,9,-0.913,-1.024,0.444,-1.576,-0.157
P48436_SOX9_197-202,ddmutppi,ddg_P48436_SOX9_197-202_str_ddmutppi,Full,Benign,4,-0.126,-0.118,0.053,-0.195,-0.072
P48436_SOX9_197-202,ddmutppi,ddg_P48436_SOX9_197-202_str_ddmutppi,Full,Pathogenic,9,-0.533,-0.509,0.222,-0.863,-0.178
P48436_SOX9_197-202,isee,ddg_P48436_SOX9_197-202_str_isee,Full,Benign,4,1.248,1.238,0.504,0.642,1.874
P48436_SOX9_197-202,isee,ddg_P48436_SOX9_197-202_str_isee,Full,Pathogenic,9,1.862,1.911,0.568,0.794,2.568
P49418_AMPH1_290-294,saambe3d,ddg_P49418_AMPH1_290-294_str_saambe3d,Full,Benign,4,0.15,0.145,0.112,0.04,0.27
P49418_AMPH1_290-294,saambe3d,ddg_P49418_AMPH1_290-294_str_saambe3d,Full,Pathogenic,9,0.292,0.27,0.468,-0.29,1.39
P49418_AMPH1_290-294,foldx,ddg_P49418_AMPH1_290-294_str_foldx,Full,Benign,4,-0.447,0.0,0.905,-1.805,0.019
P49418_AMPH1_290-294,foldx,ddg_P49418_AMPH1_290-294_str_foldx,Full,Pathogenic,9,0.169,0.0,0.827,-0.579,2.314
P49418_AMPH1_290-294,mcsmppi,ddg_P49418_AMPH1_290-294_str_mcsmppi,Full,Benign,4,-0.553,-0.27,0.856,-1.804,0.13
P49418_AMPH1_290-294,mcsmppi,ddg_P49418_AMPH1_290-294_str_mcsmppi,Full,Pathogenic,9,-0.897,-0.924,0.496,-1.464,-0.025
P49418_AMPH1_290-294,ddmutppi,ddg_P49418_AMPH1_290-294_str_ddmutppi,Full,Benign,4,-0.071,-0.084,0.073,-0.146,0.027
P49418_AMPH1_290-294,ddmutppi,ddg_P49418_AMPH1_290-294_str_ddmutppi,Full,Pathogenic,9,-0.305,-0.48,0.603,-1.018,0.997
P49418_AMPH1_290-294,isee,ddg_P49418_AMPH1_290-294_str_isee,Full,Benign,4,1.346,1.353,0.139,1.171,1.505
P49418_AMPH1_290-294,isee,ddg_P49418_AMPH1_290-294_str_isee,Full,Pathogenic,9,2.384,2.428,0.249,2.019,2.833
P56524_HDAC4_630-635,saambe3d,ddg_P56524_HDAC4_630-635_str_saambe3d,Full,Benign,4,0.193,0.145,0.183,0.04,0.44
P56524_HDAC4_630-635,saambe3d,ddg_P56524_HDAC4_630-635_str_saambe3d,Full,Pathogenic,9,0.257,0.27,0.377,-0.29,1.07
P56524_HDAC4_630-635,foldx,ddg_P56524_HDAC4_630-635_str_foldx,Full,Benign,4,-0.284,-0.0,0.568,-1.137,0.0
P56524_HDAC4_630-635,foldx,ddg_P56524_HDAC4_630-635_str_foldx,Full,Pathogenic,9,-0.097,0.014,0.444,-1.266,0.191
P56524_HDAC4_630-635,mcsmppi,ddg_P56524_HDAC4_630-635_str_mcsmppi,Full,Benign,4,-0.604,-0.279,0.951,-1.997,0.139
P56524_HDAC4_630-635,mcsmppi,ddg_P56524_HDAC4_630-635_str_mcsmppi,Full,Pathogenic,9,-0.799,-0.76,0.462,-1.422,-0.05
P56524_HDAC4_630-635,ddmutppi,ddg_P56524_HDAC4_630-635_str_ddmutppi,Full,Benign,4,-0.12,-0.114,0.059,-0.193,-0.061
P56524_HDAC4_630-635,ddmutppi,ddg_P56524_HDAC4_630-635_str_ddmutppi,Full,Pathogenic,9,-0.372,-0.459,0.458,-0.867,0.624
P56524_HDAC4_630-635,isee,ddg_P56524_HDAC4_630-635_str_isee,Full,Benign,4,1.082,1.168,0.47,0.453,1.54
P56524_HDAC4_630-635,isee,ddg_P56524_HDAC4_630-635_str_isee,Full,Pathogenic,9,2.773,2.716,0.458,2.195,3.769
P78347_GTF2I_671-675,saambe3d,ddg_P78347_GTF2I_671-675_str_saambe3d,Full,Benign,4,0.125,0.12,0.084,0.04,0.22
P78347_GTF2I_671-675,saambe3d,ddg_P78347_GTF2I_671-675_str_saambe3d,Full,Pathogenic,9,0.289,0.27,0.459,-0.29,1.36
P78347_GTF2I_671-675,foldx,ddg_P78347_GTF2I_671-675_str_foldx,Full,Benign,4,0.0,0.0,0.0,0.0,0.0
P78347_GTF2I_671-675,foldx,ddg_P78347_GTF2I_671-675_str_foldx,Full,Pathogenic,9,-0.755,-0.0,1.702,-4.688,0.474
P78347_GTF2I_671-675,mcsmppi,ddg_P78347_GTF2I_671-675_str_mcsmppi,Full,Benign,4,-0.488,-0.274,0.762,-1.583,0.177
P78347_GTF2I_671-675,mcsmppi,ddg_P78347_GTF2I_671-675_str_mcsmppi,Full,Pathogenic,9,-0.833,-0.826,0.438,-1.435,-0.052
P78347_GTF2I_671-675,ddmutppi,ddg_P78347_GTF2I_671-675_str_ddmutppi,Full,Benign,4,-0.109,-0.117,0.03,-0.135,-0.068
P78347_GTF2I_671-675,ddmutppi,ddg_P78347_GTF2I_671-675_str_ddmutppi,Full,Pathogenic,9,-0.341,-0.399,0.325,-0.759,0.164
P78347_GTF2I_671-675,isee,ddg_P78347_GTF2I_671-675_str_isee,Full,Benign,4,0.92,0.977,0.472,0.368,1.359
P78347_GTF2I_671-675,isee,ddg_P78347_GTF2I_671-675_str_isee,Full,Pathogenic,9,2.82,2.858,0.41,2.209,3.389
Q13501_SQSTM1_p62_270-275,saambe3d,ddg_Q13501_SQSTM1_p62_270-275_str_saambe3d,Full,Benign,4,0.125,0.12,0.084,0.04,0.22
Q13501_SQSTM1_p62_270-275,saambe3d,ddg_Q13501_SQSTM1_p62_270-275_str_saambe3d,Full,Pathogenic,9,0.257,0.27,0.377,-0.29,1.07
Q13501_SQSTM1_p62_270-275,foldx,ddg_Q13501_SQSTM1_p62_270-275_str_foldx,Full,Benign,4,-0.026,0.0,0.053,-0.105,0.0
Q13501_SQSTM1_p62_270-275,foldx,ddg_Q13501_SQSTM1_p62_270-275_str_foldx,Full,Pathogenic,9,0.008,-0.0,0.094,-0.141,0.196
Q13501_SQSTM1_p62_270-275,mcsmppi,ddg_Q13501_SQSTM1_p62_270-275_str_mcsmppi,Full,Benign,4,-0.485,-0.278,0.768,-1.583,0.2
Q13501_SQSTM1_p62_270-275,mcsmppi,ddg_Q13501_SQSTM1_p62_270-275_str_mcsmppi,Full,Pathogenic,9,-0.903,-0.827,0.416,-1.419,-0.168
Q13501_SQSTM1_p62_270-275,ddmutppi,ddg_Q13501_SQSTM1_p62_270-275_str_ddmutppi,Full,Benign,4,-0.109,-0.111,0.039,-0.154,-0.06
Q13501_SQSTM1_p62_270-275,ddmutppi,ddg_Q13501_SQSTM1_p62_270-275_str_ddmutppi,Full,Pathogenic,8,-0.441,-0.456,0.242,-0.704,0.036
Q14241_ELOA_282-286,saambe3d,ddg_Q14241_ELOA_282-286_str_saambe3d,Full,Benign,4,0.125,0.12,0.084,0.04,0.22
Q14241_ELOA_282-286,saambe3d,ddg_Q14241_ELOA_282-286_str_saambe3d,Full,Pathogenic,9,0.257,0.27,0.377,-0.29,1.07
Q14241_ELOA_282-286,foldx,ddg_Q14241_ELOA_282-286_str_foldx,Full,Benign,4,0.0,0.0,0.0,0.0,0.0
Q14241_ELOA_282-286,foldx,ddg_Q14241_ELOA_282-286_str_foldx,Full,Pathogenic,9,0.038,0.0,0.092,-0.049,0.196
Q14241_ELOA_282-286,mcsmppi,ddg_Q14241_ELOA_282-286_str_mcsmppi,Full,Benign,4,-0.501,-0.277,0.749,-1.583,0.131
Q14241_ELOA_282-286,mcsmppi,ddg_Q14241_ELOA_282-286_str_mcsmppi,Full,Pathogenic,9,-0.763,-0.788,0.535,-1.408,0.228
Q14241_ELOA_282-286,ddmutppi,ddg_Q14241_ELOA_282-286_str_ddmutppi,Full,Benign,4,-0.114,-0.119,0.038,-0.15,-0.067
Q14241_ELOA_282-286,ddmutppi,ddg_Q14241_ELOA_282-286_str_ddmutppi,Full,Pathogenic,9,-0.337,-0.442,0.575,-0.967,1.009
Q14241_ELOA_282-286,isee,ddg_Q14241_ELOA_282-286_str_isee,Full,Benign,4,0.632,0.568,0.184,0.496,0.897
Q14241_ELOA_282-286,isee,ddg_Q14241_ELOA_282-286_str_isee,Full,Pathogenic,9,2.418,2.389,0.511,1.523,3.279
Q15555_EB2_MAPRE2_220-224,saambe3d,ddg_Q15555_EB2_MAPRE2_220-224_str_saambe3d,Full,Benign,4,0.125,0.12,0.084,0.04,0.22
Q15555_EB2_MAPRE2_220-224,saambe3d,ddg_Q15555_EB2_MAPRE2_220-224_str_saambe3d,Full,Pathogenic,9,0.4,0.36,0.472,-0.29,1.07
Q15555_EB2_MAPRE2_220-224,foldx,ddg_Q15555_EB2_MAPRE2_220-224_str_foldx,Full,Benign,4,0.0,0.0,0.0,0.0,0.0
Q15555_EB2_MAPRE2_220-224,foldx,ddg_Q15555_EB2_MAPRE2_220-224_str_foldx,Full,Pathogenic,9,-0.05,-0.0,0.195,-0.454,0.231
Q15555_EB2_MAPRE2_220-224,mcsmppi,ddg_Q15555_EB2_MAPRE2_220-224_str_mcsmppi,Full,Benign,4,-0.514,-0.271,0.768,-1.629,0.115
Q15555_EB2_MAPRE2_220-224,mcsmppi,ddg_Q15555_EB2_MAPRE2_220-224_str_mcsmppi,Full,Pathogenic,9,-0.872,-0.877,0.432,-1.447,-0.121
Q15555_EB2_MAPRE2_220-224,ddmutppi,ddg_Q15555_EB2_MAPRE2_220-224_str_ddmutppi,Full,Benign,4,-0.136,-0.141,0.059,-0.201,-0.061
Q15555_EB2_MAPRE2_220-224,ddmutppi,ddg_Q15555_EB2_MAPRE2_220-224_str_ddmutppi,Full,Pathogenic,9,-0.444,-0.487,0.389,-0.903,0.295
Q15878_CACNA1E_Cav2.3_11-15,saambe3d,ddg_Q15878_CACNA1E_Cav2.3_11-15_str_saambe3d,Full,Benign,4,0.21,0.145,0.215,0.04,0.51
Q15878_CACNA1E_Cav2.3_11-15,saambe3d,ddg_Q15878_CACNA1E_Cav2.3_11-15_str_saambe3d,Full,Pathogenic,9,0.309,0.36,0.393,-0.29,1.07
Q15878_CACNA1E_Cav2.3_11-15,mcsmppi,ddg_Q15878_CACNA1E_Cav2.3_11-15_str_mcsmppi,Full,Benign,4,-0.531,-0.27,0.815,-1.716,0.131
Q15878_CACNA1E_Cav2.3_11-15,mcsmppi,ddg_Q15878_CACNA1E_Cav2.3_11-15_str_mcsmppi,Full,Pathogenic,9,-0.767,-0.882,0.443,-1.423,-0.028
Q15878_CACNA1E_Cav2.3_11-15,ddmutppi,ddg_Q15878_CACNA1E_Cav2.3_11-15_str_ddmutppi,Full,Benign,4,-0.087,-0.085,0.034,-0.126,-0.053
Q15878_CACNA1E_Cav2.3_11-15,ddmutppi,ddg_Q15878_CACNA1E_Cav2.3_11-15_str_ddmutppi,Full,Pathogenic,9,-0.21,-0.328,0.461,-0.626,0.882
Q15878_CACNA1E_Cav2.3_561-565,saambe3d,ddg_Q15878_CACNA1E_Cav2.3_561-565_str_saambe3d,Full,Benign,4,0.148,0.15,0.063,0.07,0.22
Q15878_CACNA1E_Cav2.3_561-565,saambe3d,ddg_Q15878_CACNA1E_Cav2.3_561-565_str_saambe3d,Full,Pathogenic,9,0.313,0.27,0.524,-0.29,1.58
Q15878_CACNA1E_Cav2.3_561-565,mcsmppi,ddg_Q15878_CACNA1E_Cav2.3_561-565_str_mcsmppi,Full,Benign,4,-0.602,-0.474,0.788,-1.641,0.18
Q15878_CACNA1E_Cav2.3_561-565,mcsmppi,ddg_Q15878_CACNA1E_Cav2.3_561-565_str_mcsmppi,Full,Pathogenic,9,-0.777,-0.674,0.418,-1.528,-0.118
Q15878_CACNA1E_Cav2.3_561-565,ddmutppi,ddg_Q15878_CACNA1E_Cav2.3_561-565_str_ddmutppi,Full,Benign,3,-0.12,-0.106,0.052,-0.178,-0.076
Q15878_CACNA1E_Cav2.3_561-565,ddmutppi,ddg_Q15878_CACNA1E_Cav2.3_561-565_str_ddmutppi,Full,Pathogenic,6,-0.316,-0.5,0.509,-0.777,0.516
Q66K74_MAP1S_635-639,saambe3d,ddg_Q66K74_MAP1S_635-639_str_saambe3d,Full,Benign,4,0.242,0.145,0.276,0.04,0.64
Q66K74_MAP1S_635-639,saambe3d,ddg_Q66K74_MAP1S_635-639_str_saambe3d,Full,Pathogenic,9,0.292,0.27,0.468,-0.29,1.39
Q66K74_MAP1S_635-639,foldx,ddg_Q66K74_MAP1S_635-639_str_foldx,Full,Benign,4,-0.029,0.0,0.058,-0.116,0.0
Q66K74_MAP1S_635-639,foldx,ddg_Q66K74_MAP1S_635-639_str_foldx,Full,Pathogenic,9,-0.24,0.0,0.518,-1.176,0.109
Q66K74_MAP1S_635-639,mcsmppi,ddg_Q66K74_MAP1S_635-639_str_mcsmppi,Full,Benign,4,-0.528,-0.285,0.784,-1.663,0.121
Q66K74_MAP1S_635-639,mcsmppi,ddg_Q66K74_MAP1S_635-639_str_mcsmppi,Full,Pathogenic,9,-0.783,-0.755,0.472,-1.427,0.03
Q66K74_MAP1S_635-639,ddmutppi,ddg_Q66K74_MAP1S_635-639_str_ddmutppi,Full,Benign,4,-0.136,-0.125,0.065,-0.221,-0.073
Q66K74_MAP1S_635-639,ddmutppi,ddg_Q66K74_MAP1S_635-639_str_ddmutppi,Full,Pathogenic,9,-0.388,-0.371,0.344,-0.979,0.135
Q66K74_MAP1S_635-639,isee,ddg_Q66K74_MAP1S_635-639_str_isee,Full,Benign,4,1.381,1.262,0.334,1.131,1.869
Q66K74_MAP1S_635-639,isee,ddg_Q66K74_MAP1S_635-639_str_isee,Full,Pathogenic,9,1.989,1.969,0.509,1.224,2.883
Q66K74_MAP1S_897-901,saambe3d,ddg_Q66K74_MAP1S_897-901_str_saambe3d,Full,Benign,4,0.125,0.12,0.084,0.04,0.22
Q66K74_MAP1S_897-901,saambe3d,ddg_Q66K74_MAP1S_897-901_str_saambe3d,Full,Pathogenic,9,0.33,0.27,0.57,-0.29,1.73
Q66K74_MAP1S_897-901,foldx,ddg_Q66K74_MAP1S_897-901_str_foldx,Full,Benign,4,-0.01,-0.001,0.018,-0.037,0.0
Q66K74_MAP1S_897-901,foldx,ddg_Q66K74_MAP1S_897-901_str_foldx,Full,Pathogenic,9,-0.369,0.0,0.784,-2.365,0.021
Q66K74_MAP1S_897-901,mcsmppi,ddg_Q66K74_MAP1S_897-901_str_mcsmppi,Full,Benign,4,-0.512,-0.286,0.805,-1.667,0.192
Q66K74_MAP1S_897-901,mcsmppi,ddg_Q66K74_MAP1S_897-901_str_mcsmppi,Full,Pathogenic,9,-0.812,-0.663,0.466,-1.428,-0.028
Q66K74_MAP1S_897-901,ddmutppi,ddg_Q66K74_MAP1S_897-901_str_ddmutppi,Full,Benign,4,-0.121,-0.122,0.057,-0.178,-0.061
Q66K74_MAP1S_897-901,ddmutppi,ddg_Q66K74_MAP1S_897-901_str_ddmutppi,Full,Pathogenic,9,-0.39,-0.489,0.443,-1.055,0.433
Q66K74_MAP1S_897-901,isee,ddg_Q66K74_MAP1S_897-901_str_isee,Full,Benign,4,0.795,0.903,0.331,0.312,1.061
Q66K74_MAP1S_897-901,isee,ddg_Q66K74_MAP1S_897-901_str_isee,Full,Pathogenic,9,1.877,1.836,0.527,1.196,2.925
Q86YP4_GATAD2A_97-101,saambe3d,ddg_Q86YP4_GATAD2A_97-101_str_saambe3d,Full,Benign,4,0.125,0.12,0.084,0.04,0.22
Q86YP4_GATAD2A_97-101,saambe3d,ddg_Q86YP4_GATAD2A_97-101_str_saambe3d,Full,Pathogenic,9,0.293,0.36,0.383,-0.29,1.07
Q86YP4_GATAD2A_97-101,foldx,ddg_Q86YP4_GATAD2A_97-101_str_foldx,Full,Benign,4,-0.003,0.0,0.006,-0.013,0.0
Q86YP4_GATAD2A_97-101,foldx,ddg_Q86YP4_GATAD2A_97-101_str_foldx,Full,Pathogenic,9,-0.626,0.0,1.335,-3.678,0.143
Q86YP4_GATAD2A_97-101,mcsmppi,ddg_Q86YP4_GATAD2A_97-101_str_mcsmppi,Full,Benign,4,-0.499,-0.275,0.785,-1.629,0.18
Q86YP4_GATAD2A_97-101,mcsmppi,ddg_Q86YP4_GATAD2A_97-101_str_mcsmppi,Full,Pathogenic,9,-0.732,-0.68,0.422,-1.42,-0.025
Q86YP4_GATAD2A_97-101,ddmutppi,ddg_Q86YP4_GATAD2A_97-101_str_ddmutppi,Full,Benign,4,-0.129,-0.126,0.055,-0.198,-0.065
Q86YP4_GATAD2A_97-101,ddmutppi,ddg_Q86YP4_GATAD2A_97-101_str_ddmutppi,Full,Pathogenic,9,-0.422,-0.474,0.325,-0.812,0.096
Q86YP4_GATAD2A_97-101,isee,ddg_Q86YP4_GATAD2A_97-101_str_isee,Full,Benign,4,1.257,1.568,0.795,0.085,1.807
Q86YP4_GATAD2A_97-101,isee,ddg_Q86YP4_GATAD2A_97-101_str_isee,Full,Pathogenic,9,2.562,2.61,0.549,1.513,3.297
Q8TAP8_PPP1R35_49-53,saambe3d,ddg_Q8TAP8_PPP1R35_49-53_str_saambe3d,Full,Benign,4,0.212,0.23,0.137,0.04,0.35
Q8TAP8_PPP1R35_49-53,saambe3d,ddg_Q8TAP8_PPP1R35_49-53_str_saambe3d,Full,Pathogenic,9,0.29,0.32,0.383,-0.29,1.07
Q8TAP8_PPP1R35_49-53,foldx,ddg_Q8TAP8_PPP1R35_49-53_str_foldx,Full,Benign,4,-0.328,-0.323,0.378,-0.665,0.0
Q8TAP8_PPP1R35_49-53,foldx,ddg_Q8TAP8_PPP1R35_49-53_str_foldx,Full,Pathogenic,9,-0.281,0.0,1.044,-2.893,0.797
Q8TAP8_PPP1R35_49-53,mcsmppi,ddg_Q8TAP8_PPP1R35_49-53_str_mcsmppi,Full,Benign,4,-0.616,-0.446,0.728,-1.639,0.068
Q8TAP8_PPP1R35_49-53,mcsmppi,ddg_Q8TAP8_PPP1R35_49-53_str_mcsmppi,Full,Pathogenic,9,-0.831,-0.7,0.506,-1.549,0.008
Q8TAP8_PPP1R35_49-53,ddmutppi,ddg_Q8TAP8_PPP1R35_49-53_str_ddmutppi,Full,Benign,4,-0.048,-0.073,0.107,-0.136,0.092
Q8TAP8_PPP1R35_49-53,ddmutppi,ddg_Q8TAP8_PPP1R35_49-53_str_ddmutppi,Full,Pathogenic,9,-0.397,-0.541,0.515,-1.03,0.547
Q8TAP8_PPP1R35_49-53,isee,ddg_Q8TAP8_PPP1R35_49-53_str_isee,Full,Benign,4,1.797,1.82,0.122,1.638,1.911
Q8TAP8_PPP1R35_49-53,isee,ddg_Q8TAP8_PPP1R35_49-53_str_isee,Full,Pathogenic,9,3.068,3.126,0.307,2.456,3.59
Q8TAP9_TTDN1_37-41,saambe3d,ddg_Q8TAP9_TTDN1_37-41_str_saambe3d,Full,Benign,4,0.125,0.12,0.084,0.04,0.22
Q8TAP9_TTDN1_37-41,saambe3d,ddg_Q8TAP9_TTDN1_37-41_str_saambe3d,Full,Pathogenic,9,0.471,0.36,0.573,-0.29,1.39
Q8TAP9_TTDN1_37-41,foldx,ddg_Q8TAP9_TTDN1_37-41_str_foldx,Full,Benign,4,-0.0,0.0,0.0,-0.0,0.0
Q8TAP9_TTDN1_37-41,foldx,ddg_Q8TAP9_TTDN1_37-41_str_foldx,Full,Pathogenic,9,-0.359,-0.472,0.605,-1.536,0.737
Q8TAP9_TTDN1_37-41,mcsmppi,ddg_Q8TAP9_TTDN1_37-41_str_mcsmppi,Full,Benign,4,-0.507,-0.288,0.782,-1.63,0.178
Q8TAP9_TTDN1_37-41,mcsmppi,ddg_Q8TAP9_TTDN1_37-41_str_mcsmppi,Full,Pathogenic,9,-0.934,-1.021,0.537,-1.78,-0.039
Q8TAP9_TTDN1_37-41,ddmutppi,ddg_Q8TAP9_TTDN1_37-41_str_ddmutppi,Full,Benign,4,-0.112,-0.116,0.041,-0.155,-0.062
Q8TAP9_TTDN1_37-41,ddmutppi,ddg_Q8TAP9_TTDN1_37-41_str_ddmutppi,Full,Pathogenic,9,-0.386,-0.527,0.459,-0.96,0.56
Q8TAP9_TTDN1_37-41,isee,ddg_Q8TAP9_TTDN1_37-41_str_isee,Full,Benign,4,0.848,0.787,0.43,0.453,1.364
Q8TAP9_TTDN1_37-41,isee,ddg_Q8TAP9_TTDN1_37-41_str_isee,Full,Pathogenic,9,2.49,2.563,0.295,2.041,2.945
Q8TAP9_TTDN1_7-11,saambe3d,ddg_Q8TAP9_TTDN1_7-11_str_saambe3d,Full,Benign,4,0.125,0.12,0.084,0.04,0.22
Q8TAP9_TTDN1_7-11,saambe3d,ddg_Q8TAP9_TTDN1_7-11_str_saambe3d,Full,Pathogenic,9,0.307,0.27,0.506,-0.29,1.52
Q8TAP9_TTDN1_7-11,foldx,ddg_Q8TAP9_TTDN1_7-11_str_foldx,Full,Benign,4,-0.0,-0.0,0.0,-0.0,-0.0
Q8TAP9_TTDN1_7-11,foldx,ddg_Q8TAP9_TTDN1_7-11_str_foldx,Full,Pathogenic,9,-0.517,-0.467,0.546,-1.491,0.003
Q8TAP9_TTDN1_7-11,mcsmppi,ddg_Q8TAP9_TTDN1_7-11_str_mcsmppi,Full,Benign,4,-0.517,-0.293,0.765,-1.619,0.136
Q8TAP9_TTDN1_7-11,mcsmppi,ddg_Q8TAP9_TTDN1_7-11_str_mcsmppi,Full,Pathogenic,9,-0.788,-0.727,0.511,-1.45,-0.038
Q8TAP9_TTDN1_7-11,ddmutppi,ddg_Q8TAP9_TTDN1_7-11_str_ddmutppi,Full,Benign,4,-0.132,-0.124,0.062,-0.213,-0.068
Q8TAP9_TTDN1_7-11,ddmutppi,ddg_Q8TAP9_TTDN1_7-11_str_ddmutppi,Full,Pathogenic,9,-0.562,-0.394,0.578,-1.805,0.172
Q8TAP9_TTDN1_7-11,isee,ddg_Q8TAP9_TTDN1_7-11_str_isee,Full,Benign,4,0.785,0.76,0.184,0.586,1.031
Q8TAP9_TTDN1_7-11,isee,ddg_Q8TAP9_TTDN1_7-11_str_isee,Full,Pathogenic,9,2.358,2.296,0.48,1.659,2.949
Q8TDM6_DLG5_1112-1116,saambe3d,ddg_Q8TDM6_DLG5_1112-1116_str_saambe3d,Full,Benign,4,0.125,0.12,0.084,0.04,0.22
Q8TDM6_DLG5_1112-1116,saambe3d,ddg_Q8TDM6_DLG5_1112-1116_str_saambe3d,Full,Pathogenic,9,0.469,0.36,0.577,-0.29,1.48
Q8TDM6_DLG5_1112-1116,foldx,ddg_Q8TDM6_DLG5_1112-1116_str_foldx,Full,Benign,4,0.0,0.0,0.0,0.0,0.0
Q8TDM6_DLG5_1112-1116,foldx,ddg_Q8TDM6_DLG5_1112-1116_str_foldx,Full,Pathogenic,9,-1.197,-1.125,1.643,-3.844,0.748
Q8TDM6_DLG5_1112-1116,mcsmppi,ddg_Q8TDM6_DLG5_1112-1116_str_mcsmppi,Full,Benign,4,-0.516,-0.269,0.785,-1.656,0.13
Q8TDM6_DLG5_1112-1116,mcsmppi,ddg_Q8TDM6_DLG5_1112-1116_str_mcsmppi,Full,Pathogenic,9,-0.659,-0.675,0.536,-1.499,0.334
Q8TDM6_DLG5_1112-1116,ddmutppi,ddg_Q8TDM6_DLG5_1112-1116_str_ddmutppi,Full,Benign,4,-0.123,-0.115,0.052,-0.194,-0.069
Q8TDM6_DLG5_1112-1116,ddmutppi,ddg_Q8TDM6_DLG5_1112-1116_str_ddmutppi,Full,Pathogenic,9,-0.389,-0.359,0.268,-0.772,0.009
Q8TDM6_DLG5_1112-1116,isee,ddg_Q8TDM6_DLG5_1112-1116_str_isee,Full,Benign,4,0.619,0.536,0.288,0.37,1.035
Q8TDM6_DLG5_1112-1116,isee,ddg_Q8TDM6_DLG5_1112-1116_str_isee,Full,Pathogenic,9,2.19,2.21,0.164,1.788,2.37
Q8TDM6_DLG5_981-985,saambe3d,ddg_Q8TDM6_DLG5_981-985_str_saambe3d,Full,Benign,4,0.125,0.12,0.084,0.04,0.22
Q8TDM6_DLG5_981-985,saambe3d,ddg_Q8TDM6_DLG5_981-985_str_saambe3d,Full,Pathogenic,9,0.423,0.36,0.512,-0.29,1.24
Q8TDM6_DLG5_981-985,foldx,ddg_Q8TDM6_DLG5_981-985_str_foldx,Full,Benign,4,-0.001,0.0,0.008,-0.011,0.009
Q8TDM6_DLG5_981-985,foldx,ddg_Q8TDM6_DLG5_981-985_str_foldx,Full,Pathogenic,9,-0.82,0.0,1.23,-3.022,0.06
Q8TDM6_DLG5_981-985,mcsmppi,ddg_Q8TDM6_DLG5_981-985_str_mcsmppi,Full,Benign,4,-0.528,-0.292,0.78,-1.656,0.13
Q8TDM6_DLG5_981-985,mcsmppi,ddg_Q8TDM6_DLG5_981-985_str_mcsmppi,Full,Pathogenic,9,-0.833,-0.963,0.46,-1.539,-0.073
Q8TDM6_DLG5_981-985,ddmutppi,ddg_Q8TDM6_DLG5_981-985_str_ddmutppi,Full,Benign,4,-0.111,-0.111,0.026,-0.142,-0.08
Q8TDM6_DLG5_981-985,ddmutppi,ddg_Q8TDM6_DLG5_981-985_str_ddmutppi,Full,Pathogenic,9,-0.338,-0.346,0.3,-0.693,0.356
Q8TDM6_DLG5_981-985,isee,ddg_Q8TDM6_DLG5_981-985_str_isee,Full,Benign,4,0.751,0.797,0.266,0.435,0.977
Q8TDM6_DLG5_981-985,isee,ddg_Q8TDM6_DLG5_981-985_str_isee,Full,Pathogenic,9,2.249,2.147,0.414,1.716,3.112
Q92974_ARHGEF2_119-123,saambe3d,ddg_Q92974_ARHGEF2_119-123_str_saambe3d,Full,Benign,4,0.125,0.12,0.084,0.04,0.22
Q92974_ARHGEF2_119-123,saambe3d,ddg_Q92974_ARHGEF2_119-123_str_saambe3d,Full,Pathogenic,9,0.414,0.36,0.502,-0.29,1.21
Q92974_ARHGEF2_119-123,foldx,ddg_Q92974_ARHGEF2_119-123_str_foldx,Full,Benign,4,-0.07,0.0,0.14,-0.281,0.0
Q92974_ARHGEF2_119-123,foldx,ddg_Q92974_ARHGEF2_119-123_str_foldx,Full,Pathogenic,9,-0.327,0.0,0.845,-2.259,0.344
Q92974_ARHGEF2_119-123,mcsmppi,ddg_Q92974_ARHGEF2_119-123_str_mcsmppi,Full,Benign,4,-0.507,-0.271,0.769,-1.621,0.136
Q92974_ARHGEF2_119-123,mcsmppi,ddg_Q92974_ARHGEF2_119-123_str_mcsmppi,Full,Pathogenic,9,-0.739,-0.67,0.411,-1.438,-0.067
Q92974_ARHGEF2_119-123,ddmutppi,ddg_Q92974_ARHGEF2_119-123_str_ddmutppi,Full,Benign,4,-0.12,-0.119,0.051,-0.181,-0.063
Q92974_ARHGEF2_119-123,ddmutppi,ddg_Q92974_ARHGEF2_119-123_str_ddmutppi,Full,Pathogenic,9,-0.348,-0.444,0.387,-0.749,0.412
Q92974_ARHGEF2_119-123,isee,ddg_Q92974_ARHGEF2_119-123_str_isee,Full,Benign,4,1.061,0.969,0.412,0.67,1.637
Q92974_ARHGEF2_119-123,isee,ddg_Q92974_ARHGEF2_119-123_str_isee,Full,Pathogenic,9,2.698,2.653,0.329,2.182,3.263
Q9HCJ2_NGL-1_KIAA1580_LRRC4C_629-634,saambe3d,ddg_Q9HCJ2_NGL-1_KIAA1580_LRRC4C_629-634_str_saambe3d,Full,Benign,4,0.213,0.21,0.147,0.04,0.39
Q9HCJ2_NGL-1_KIAA1580_LRRC4C_629-634,saambe3d,ddg_Q9HCJ2_NGL-1_KIAA1580_LRRC4C_629-634_str_saambe3d,Full,Pathogenic,9,0.293,0.27,0.471,-0.29,1.4
Q9HCJ2_NGL-1_KIAA1580_LRRC4C_629-634,foldx,ddg_Q9HCJ2_NGL-1_KIAA1580_LRRC4C_629-634_str_foldx,Full,Benign,4,-0.199,-0.028,0.361,-0.739,0.0
Q9HCJ2_NGL-1_KIAA1580_LRRC4C_629-634,foldx,ddg_Q9HCJ2_NGL-1_KIAA1580_LRRC4C_629-634_str_foldx,Full,Pathogenic,9,0.248,0.022,0.361,-0.0,0.843
Q9HCJ2_NGL-1_KIAA1580_LRRC4C_629-634,mcsmppi,ddg_Q9HCJ2_NGL-1_KIAA1580_LRRC4C_629-634_str_mcsmppi,Full,Benign,4,-0.697,-0.633,0.751,-1.629,0.109
Q9HCJ2_NGL-1_KIAA1580_LRRC4C_629-634,mcsmppi,ddg_Q9HCJ2_NGL-1_KIAA1580_LRRC4C_629-634_str_mcsmppi,Full,Pathogenic,9,-0.853,-0.798,0.416,-1.423,-0.152
Q9HCJ2_NGL-1_KIAA1580_LRRC4C_629-634,ddmutppi,ddg_Q9HCJ2_NGL-1_KIAA1580_LRRC4C_629-634_str_ddmutppi,Full,Benign,4,-0.105,-0.128,0.053,-0.14,-0.026
Q9HCJ2_NGL-1_KIAA1580_LRRC4C_629-634,ddmutppi,ddg_Q9HCJ2_NGL-1_KIAA1580_LRRC4C_629-634_str_ddmutppi,Full,Pathogenic,9,-0.602,-0.61,0.689,-1.933,0.409
Q9P2Y4_ZNF219_111-115,saambe3d,ddg_Q9P2Y4_ZNF219_111-115_str_saambe3d,Full,Benign,4,0.165,0.185,0.067,0.07,0.22
Q9P2Y4_ZNF219_111-115,saambe3d,ddg_Q9P2Y4_ZNF219_111-115_str_saambe3d,Full,Pathogenic,9,0.35,0.36,0.424,-0.29,1.07
Q9P2Y4_ZNF219_111-115,foldx,ddg_Q9P2Y4_ZNF219_111-115_str_foldx,Full,Benign,4,0.001,0.0,0.002,-0.0,0.005
Q9P2Y4_ZNF219_111-115,foldx,ddg_Q9P2Y4_ZNF219_111-115_str_foldx,Full,Pathogenic,9,-0.066,0.0,0.274,-0.625,0.243
Q9P2Y4_ZNF219_111-115,mcsmppi,ddg_Q9P2Y4_ZNF219_111-115_str_mcsmppi,Full,Benign,4,-0.519,-0.287,0.766,-1.629,0.125
Q9P2Y4_ZNF219_111-115,mcsmppi,ddg_Q9P2Y4_ZNF219_111-115_str_mcsmppi,Full,Pathogenic,9,-0.744,-0.826,0.55,-1.482,0.222
Q9P2Y4_ZNF219_111-115,ddmutppi,ddg_Q9P2Y4_ZNF219_111-115_str_ddmutppi,Full,Benign,4,-0.115,-0.109,0.05,-0.181,-0.06
Q9P2Y4_ZNF219_111-115,ddmutppi,ddg_Q9P2Y4_ZNF219_111-115_str_ddmutppi,Full,Pathogenic,9,-0.477,-0.548,0.275,-0.769,0.046
Q9P2Y4_ZNF219_111-115,isee,ddg_Q9P2Y4_ZNF219_111-115_str_isee,Full,Benign,4,1.023,0.993,0.448,0.538,1.57
Q9P2Y4_ZNF219_111-115,isee,ddg_Q9P2Y4_ZNF219_111-115_str_isee,Full,Pathogenic,9,2.203,2.365,0.412,1.553,2.713
Q9P2Y4_ZNF219_408-412,saambe3d,ddg_Q9P2Y4_ZNF219_408-412_str_saambe3d,Full,Benign,4,0.125,0.12,0.084,0.04,0.22
Q9P2Y4_ZNF219_408-412,saambe3d,ddg_Q9P2Y4_ZNF219_408-412_str_saambe3d,Full,Pathogenic,9,0.257,0.27,0.377,-0.29,1.07
Q9P2Y4_ZNF219_408-412,foldx,ddg_Q9P2Y4_ZNF219_408-412_str_foldx,Full,Benign,4,0.0,0.0,0.0,0.0,0.0
Q9P2Y4_ZNF219_408-412,foldx,ddg_Q9P2Y4_ZNF219_408-412_str_foldx,Full,Pathogenic,9,-0.673,-0.007,1.396,-4.243,0.028
Q9P2Y4_ZNF219_408-412,mcsmppi,ddg_Q9P2Y4_ZNF219_408-412_str_mcsmppi,Full,Benign,4,-0.503,-0.275,0.746,-1.583,0.121
Q9P2Y4_ZNF219_408-412,mcsmppi,ddg_Q9P2Y4_ZNF219_408-412_str_mcsmppi,Full,Pathogenic,9,-0.823,-0.927,0.463,-1.447,0.027
Q9P2Y4_ZNF219_408-412,ddmutppi,ddg_Q9P2Y4_ZNF219_408-412_str_ddmutppi,Full,Benign,4,-0.123,-0.114,0.061,-0.2,-0.063
Q9P2Y4_ZNF219_408-412,ddmutppi,ddg_Q9P2Y4_ZNF219_408-412_str_ddmutppi,Full,Pathogenic,9,-0.337,-0.493,0.432,-0.806,0.437
Q9P2Y4_ZNF219_408-412,isee,ddg_Q9P2Y4_ZNF219_408-412_str_isee,Full,Benign,4,0.638,0.493,0.426,0.311,1.256
Q9P2Y4_ZNF219_408-412,isee,ddg_Q9P2Y4_ZNF219_408-412_str_isee,Full,Pathogenic,9,1.692,1.665,0.513,1.035,2.89
Q9P2Y4_ZNF219_595-599,saambe3d,ddg_Q9P2Y4_ZNF219_595-599_str_saambe3d,Full,Benign,4,0.125,0.12,0.084,0.04,0.22
Q9P2Y4_ZNF219_595-599,saambe3d,ddg_Q9P2Y4_ZNF219_595-599_str_saambe3d,Full,Pathogenic,9,0.257,0.27,0.377,-0.29,1.07
Q9P2Y4_ZNF219_595-599,foldx,ddg_Q9P2Y4_ZNF219_595-599_str_foldx,Full,Benign,4,-0.002,0.0,0.005,-0.01,0.0
Q9P2Y4_ZNF219_595-599,foldx,ddg_Q9P2Y4_ZNF219_595-599_str_foldx,Full,Pathogenic,9,-0.311,0.0,0.698,-1.667,0.174
Q9P2Y4_ZNF219_595-599,mcsmppi,ddg_Q9P2Y4_ZNF219_595-599_str_mcsmppi,Full,Benign,4,-0.505,-0.281,0.781,-1.629,0.17
Q9P2Y4_ZNF219_595-599,mcsmppi,ddg_Q9P2Y4_ZNF219_595-599_str_mcsmppi,Full,Pathogenic,9,-0.841,-0.683,0.426,-1.444,-0.149
Q9P2Y4_ZNF219_595-599,ddmutppi,ddg_Q9P2Y4_ZNF219_595-599_str_ddmutppi,Full,Benign,4,-0.135,-0.128,0.066,-0.219,-0.066
Q9P2Y4_ZNF219_595-599,ddmutppi,ddg_Q9P2Y4_ZNF219_595-599_str_ddmutppi,Full,Pathogenic,9,-0.338,-0.395,0.502,-1.032,0.697
Q9P2Y4_ZNF219_595-599,isee,ddg_Q9P2Y4_ZNF219_595-599_str_isee,Full,Benign,4,0.72,0.577,0.403,0.419,1.308
Q9P2Y4_ZNF219_595-599,isee,ddg_Q9P2Y4_ZNF219_595-599_str_isee,Full,Pathogenic,9,2.141,2.133,0.341,1.675,2.708
Q9UPN4_CEP131_32-36,saambe3d,ddg_Q9UPN4_CEP131_32-36_str_saambe3d,Full,Benign,4,0.125,0.12,0.084,0.04,0.22
Q9UPN4_CEP131_32-36,saambe3d,ddg_Q9UPN4_CEP131_32-36_str_saambe3d,Full,Pathogenic,9,0.268,0.27,0.405,-0.29,1.17
Q9UPN4_CEP131_32-36,foldx,ddg_Q9UPN4_CEP131_32-36_str_foldx,Full,Benign,4,0.0,0.0,0.0,0.0,0.0
Q9UPN4_CEP131_32-36,foldx,ddg_Q9UPN4_CEP131_32-36_str_foldx,Full,Pathogenic,9,-0.557,-0.098,0.972,-2.477,0.0
Q9UPN4_CEP131_32-36,mcsmppi,ddg_Q9UPN4_CEP131_32-36_str_mcsmppi,Full,Benign,4,-0.5,-0.271,0.791,-1.639,0.182
Q9UPN4_CEP131_32-36,mcsmppi,ddg_Q9UPN4_CEP131_32-36_str_mcsmppi,Full,Pathogenic,9,-0.829,-0.712,0.481,-1.436,-0.007
Q9UPN4_CEP131_32-36,ddmutppi,ddg_Q9UPN4_CEP131_32-36_str_ddmutppi,Full,Benign,4,-0.132,-0.127,0.058,-0.206,-0.069
Q9UPN4_CEP131_32-36,ddmutppi,ddg_Q9UPN4_CEP131_32-36_str_ddmutppi,Full,Pathogenic,9,-0.62,-0.465,0.577,-1.804,0.114
Q9UPN4_CEP131_32-36,isee,ddg_Q9UPN4_CEP131_32-36_str_isee,Full,Benign,4,0.739,0.808,0.315,0.321,1.02
Q9UPN4_CEP131_32-36,isee,ddg_Q9UPN4_CEP131_32-36_str_isee,Full,Pathogenic,9,2.035,2.058,0.538,0.828,2.827
P48436_SOX9_197-202,saambe3d,ddg_P48436_SOX9_197-202_str_saambe3d,Kinase,Benign,4,0.217,0.195,0.143,0.07,0.41
P48436_SOX9_197-202,saambe3d,ddg_P48436_SOX9_197-202_str_saambe3d,Kinase,Pathogenic,9,0.441,0.36,0.528,-0.29,1.25
P48436_SOX9_197-202,foldx,ddg_P48436_SOX9_197-202_str_foldx,Kinase,Benign,4,-0.445,0.0,0.89,-1.779,0.0
P48436_SOX9_197-202,foldx,ddg_P48436_SOX9_197-202_str_foldx,Kinase,Pathogenic,9,-0.293,-0.137,0.588,-1.546,0.577
P48436_SOX9_197-202,mcsmppi,ddg_P48436_SOX9_197-202_str_mcsmppi,Kinase,Benign,4,-0.529,-0.293,0.777,-1.652,0.122
P48436_SOX9_197-202,mcsmppi,ddg_P48436_SOX9_197-202_str_mcsmppi,Kinase,Pathogenic,9,-0.913,-1.024,0.444,-1.576,-0.157
P48436_SOX9_197-202,ddmutppi,ddg_P48436_SOX9_197-202_str_ddmutppi,Kinase,Benign,4,-0.126,-0.118,0.053,-0.195,-0.072
P48436_SOX9_197-202,ddmutppi,ddg_P48436_SOX9_197-202_str_ddmutppi,Kinase,Pathogenic,9,-0.533,-0.509,0.222,-0.863,-0.178
P48436_SOX9_197-202,isee,ddg_P48436_SOX9_197-202_str_isee,Kinase,Benign,4,1.248,1.238,0.504,0.642,1.874
P48436_SOX9_197-202,isee,ddg_P48436_SOX9_197-202_str_isee,Kinase,Pathogenic,9,1.862,1.911,0.568,0.794,2.568
P49418_AMPH1_290-294,saambe3d,ddg_P49418_AMPH1_290-294_str_saambe3d,Kinase,Benign,4,0.15,0.145,0.112,0.04,0.27
P49418_AMPH1_290-294,saambe3d,ddg_P49418_AMPH1_290-294_str_saambe3d,Kinase,Pathogenic,9,0.292,0.27,0.468,-0.29,1.39
P49418_AMPH1_290-294,foldx,ddg_P49418_AMPH1_290-294_str_foldx,Kinase,Benign,4,-0.447,0.0,0.905,-1.805,0.019
P49418_AMPH1_290-294,foldx,ddg_P49418_AMPH1_290-294_str_foldx,Kinase,Pathogenic,9,0.169,0.0,0.827,-0.579,2.314
P49418_AMPH1_290-294,mcsmppi,ddg_P49418_AMPH1_290-294_str_mcsmppi,Kinase,Benign,4,-0.553,-0.27,0.856,-1.804,0.13
P49418_AMPH1_290-294,mcsmppi,ddg_P49418_AMPH1_290-294_str_mcsmppi,Kinase,Pathogenic,9,-0.897,-0.924,0.496,-1.464,-0.025
P49418_AMPH1_290-294,ddmutppi,ddg_P49418_AMPH1_290-294_str_ddmutppi,Kinase,Benign,4,-0.071,-0.084,0.073,-0.146,0.027
P49418_AMPH1_290-294,ddmutppi,ddg_P49418_AMPH1_290-294_str_ddmutppi,Kinase,Pathogenic,9,-0.305,-0.48,0.603,-1.018,0.997
P49418_AMPH1_290-294,isee,ddg_P49418_AMPH1_290-294_str_isee,Kinase,Benign,4,1.346,1.353,0.139,1.171,1.505
P49418_AMPH1_290-294,isee,ddg_P49418_AMPH1_290-294_str_isee,Kinase,Pathogenic,9,2.384,2.428,0.249,2.019,2.833
P56524_HDAC4_630-635,saambe3d,ddg_P56524_HDAC4_630-635_str_saambe3d,Kinase,Benign,4,0.193,0.145,0.183,0.04,0.44
P56524_HDAC4_630-635,saambe3d,ddg_P56524_HDAC4_630-635_str_saambe3d,Kinase,Pathogenic,9,0.257,0.27,0.377,-0.29,1.07
P56524_HDAC4_630-635,foldx,ddg_P56524_HDAC4_630-635_str_foldx,Kinase,Benign,4,-0.284,-0.0,0.568,-1.137,0.0
P56524_HDAC4_630-635,foldx,ddg_P56524_HDAC4_630-635_str_foldx,Kinase,Pathogenic,9,-0.097,0.014,0.444,-1.266,0.191
P56524_HDAC4_630-635,mcsmppi,ddg_P56524_HDAC4_630-635_str_mcsmppi,Kinase,Benign,4,-0.604,-0.279,0.951,-1.997,0.139
P56524_HDAC4_630-635,mcsmppi,ddg_P56524_HDAC4_630-635_str_mcsmppi,Kinase,Pathogenic,9,-0.799,-0.76,0.462,-1.422,-0.05
P56524_HDAC4_630-635,ddmutppi,ddg_P56524_HDAC4_630-635_str_ddmutppi,Kinase,Benign,4,-0.12,-0.114,0.059,-0.193,-0.061
P56524_HDAC4_630-635,ddmutppi,ddg_P56524_HDAC4_630-635_str_ddmutppi,Kinase,Pathogenic,9,-0.372,-0.459,0.458,-0.867,0.624
P56524_HDAC4_630-635,isee,ddg_P56524_HDAC4_630-635_str_isee,Kinase,Benign,4,1.082,1.168,0.47,0.453,1.54
P56524_HDAC4_630-635,isee,ddg_P56524_HDAC4_630-635_str_isee,Kinase,Pathogenic,9,2.773,2.716,0.458,2.195,3.769
P78347_GTF2I_671-675,saambe3d,ddg_P78347_GTF2I_671-675_str_saambe3d,Kinase,Benign,4,0.125,0.12,0.084,0.04,0.22
P78347_GTF2I_671-675,saambe3d,ddg_P78347_GTF2I_671-675_str_saambe3d,Kinase,Pathogenic,9,0.289,0.27,0.459,-0.29,1.36
P78347_GTF2I_671-675,foldx,ddg_P78347_GTF2I_671-675_str_foldx,Kinase,Benign,4,0.0,0.0,0.0,0.0,0.0
P78347_GTF2I_671-675,foldx,ddg_P78347_GTF2I_671-675_str_foldx,Kinase,Pathogenic,9,-0.755,-0.0,1.702,-4.688,0.474
P78347_GTF2I_671-675,mcsmppi,ddg_P78347_GTF2I_671-675_str_mcsmppi,Kinase,Benign,4,-0.488,-0.274,0.762,-1.583,0.177
P78347_GTF2I_671-675,mcsmppi,ddg_P78347_GTF2I_671-675_str_mcsmppi,Kinase,Pathogenic,9,-0.833,-0.826,0.438,-1.435,-0.052
P78347_GTF2I_671-675,ddmutppi,ddg_P78347_GTF2I_671-675_str_ddmutppi,Kinase,Benign,4,-0.109,-0.117,0.03,-0.135,-0.068
P78347_GTF2I_671-675,ddmutppi,ddg_P78347_GTF2I_671-675_str_ddmutppi,Kinase,Pathogenic,9,-0.341,-0.399,0.325,-0.759,0.164
P78347_GTF2I_671-675,isee,ddg_P78347_GTF2I_671-675_str_isee,Kinase,Benign,4,0.92,0.977,0.472,0.368,1.359
P78347_GTF2I_671-675,isee,ddg_P78347_GTF2I_671-675_str_isee,Kinase,Pathogenic,9,2.82,2.858,0.41,2.209,3.389
Q13501_SQSTM1_p62_270-275,saambe3d,ddg_Q13501_SQSTM1_p62_270-275_str_saambe3d,Kinase,Benign,4,0.125,0.12,0.084,0.04,0.22
Q13501_SQSTM1_p62_270-275,saambe3d,ddg_Q13501_SQSTM1_p62_270-275_str_saambe3d,Kinase,Pathogenic,9,0.257,0.27,0.377,-0.29,1.07
Q13501_SQSTM1_p62_270-275,foldx,ddg_Q13501_SQSTM1_p62_270-275_str_foldx,Kinase,Benign,4,-0.026,0.0,0.053,-0.105,0.0
Q13501_SQSTM1_p62_270-275,foldx,ddg_Q13501_SQSTM1_p62_270-275_str_foldx,Kinase,Pathogenic,9,0.008,-0.0,0.094,-0.141,0.196
Q13501_SQSTM1_p62_270-275,mcsmppi,ddg_Q13501_SQSTM1_p62_270-275_str_mcsmppi,Kinase,Benign,4,-0.485,-0.278,0.768,-1.583,0.2
Q13501_SQSTM1_p62_270-275,mcsmppi,ddg_Q13501_SQSTM1_p62_270-275_str_mcsmppi,Kinase,Pathogenic,9,-0.903,-0.827,0.416,-1.419,-0.168
Q13501_SQSTM1_p62_270-275,ddmutppi,ddg_Q13501_SQSTM1_p62_270-275_str_ddmutppi,Kinase,Benign,4,-0.109,-0.111,0.039,-0.154,-0.06
Q13501_SQSTM1_p62_270-275,ddmutppi,ddg_Q13501_SQSTM1_p62_270-275_str_ddmutppi,Kinase,Pathogenic,8,-0.441,-0.456,0.242,-0.704,0.036
Q14241_ELOA_282-286,saambe3d,ddg_Q14241_ELOA_282-286_str_saambe3d,Kinase,Benign,4,0.125,0.12,0.084,0.04,0.22
Q14241_ELOA_282-286,saambe3d,ddg_Q14241_ELOA_282-286_str_saambe3d,Kinase,Pathogenic,9,0.257,0.27,0.377,-0.29,1.07
Q14241_ELOA_282-286,foldx,ddg_Q14241_ELOA_282-286_str_foldx,Kinase,Benign,4,0.0,0.0,0.0,0.0,0.0
Q14241_ELOA_282-286,foldx,ddg_Q14241_ELOA_282-286_str_foldx,Kinase,Pathogenic,9,0.038,0.0,0.092,-0.049,0.196
Q14241_ELOA_282-286,mcsmppi,ddg_Q14241_ELOA_282-286_str_mcsmppi,Kinase,Benign,4,-0.501,-0.277,0.749,-1.583,0.131
Q14241_ELOA_282-286,mcsmppi,ddg_Q14241_ELOA_282-286_str_mcsmppi,Kinase,Pathogenic,9,-0.763,-0.788,0.535,-1.408,0.228
Q14241_ELOA_282-286,ddmutppi,ddg_Q14241_ELOA_282-286_str_ddmutppi,Kinase,Benign,4,-0.114,-0.119,0.038,-0.15,-0.067
Q14241_ELOA_282-286,ddmutppi,ddg_Q14241_ELOA_282-286_str_ddmutppi,Kinase,Pathogenic,9,-0.337,-0.442,0.575,-0.967,1.009
Q14241_ELOA_282-286,isee,ddg_Q14241_ELOA_282-286_str_isee,Kinase,Benign,4,0.632,0.568,0.184,0.496,0.897
Q14241_ELOA_282-286,isee,ddg_Q14241_ELOA_282-286_str_isee,Kinase,Pathogenic,9,2.418,2.389,0.511,1.523,3.279
Q15555_EB2_MAPRE2_220-224,saambe3d,ddg_Q15555_EB2_MAPRE2_220-224_str_saambe3d,Kinase,Benign,4,0.125,0.12,0.084,0.04,0.22
Q15555_EB2_MAPRE2_220-224,saambe3d,ddg_Q15555_EB2_MAPRE2_220-224_str_saambe3d,Kinase,Pathogenic,9,0.4,0.36,0.472,-0.29,1.07
Q15555_EB2_MAPRE2_220-224,foldx,ddg_Q15555_EB2_MAPRE2_220-224_str_foldx,Kinase,Benign,4,0.0,0.0,0.0,0.0,0.0
Q15555_EB2_MAPRE2_220-224,foldx,ddg_Q15555_EB2_MAPRE2_220-224_str_foldx,Kinase,Pathogenic,9,-0.05,-0.0,0.195,-0.454,0.231
Q15555_EB2_MAPRE2_220-224,mcsmppi,ddg_Q15555_EB2_MAPRE2_220-224_str_mcsmppi,Kinase,Benign,4,-0.514,-0.271,0.768,-1.629,0.115
Q15555_EB2_MAPRE2_220-224,mcsmppi,ddg_Q15555_EB2_MAPRE2_220-224_str_mcsmppi,Kinase,Pathogenic,9,-0.872,-0.877,0.432,-1.447,-0.121
Q15555_EB2_MAPRE2_220-224,ddmutppi,ddg_Q15555_EB2_MAPRE2_220-224_str_ddmutppi,Kinase,Benign,4,-0.136,-0.141,0.059,-0.201,-0.061
Q15555_EB2_MAPRE2_220-224,ddmutppi,ddg_Q15555_EB2_MAPRE2_220-224_str_ddmutppi,Kinase,Pathogenic,9,-0.444,-0.487,0.389,-0.903,0.295
Q15878_CACNA1E_Cav2.3_11-15,saambe3d,ddg_Q15878_CACNA1E_Cav2.3_11-15_str_saambe3d,Kinase,Benign,4,0.21,0.145,0.215,0.04,0.51
Q15878_CACNA1E_Cav2.3_11-15,saambe3d,ddg_Q15878_CACNA1E_Cav2.3_11-15_str_saambe3d,Kinase,Pathogenic,9,0.309,0.36,0.393,-0.29,1.07
Q15878_CACNA1E_Cav2.3_11-15,mcsmppi,ddg_Q15878_CACNA1E_Cav2.3_11-15_str_mcsmppi,Kinase,Benign,4,-0.531,-0.27,0.815,-1.716,0.131
Q15878_CACNA1E_Cav2.3_11-15,mcsmppi,ddg_Q15878_CACNA1E_Cav2.3_11-15_str_mcsmppi,Kinase,Pathogenic,9,-0.767,-0.882,0.443,-1.423,-0.028
Q15878_CACNA1E_Cav2.3_11-15,ddmutppi,ddg_Q15878_CACNA1E_Cav2.3_11-15_str_ddmutppi,Kinase,Benign,4,-0.087,-0.085,0.034,-0.126,-0.053
Q15878_CACNA1E_Cav2.3_11-15,ddmutppi,ddg_Q15878_CACNA1E_Cav2.3_11-15_str_ddmutppi,Kinase,Pathogenic,9,-0.21,-0.328,0.461,-0.626,0.882
Q15878_CACNA1E_Cav2.3_561-565,saambe3d,ddg_Q15878_CACNA1E_Cav2.3_561-565_str_saambe3d,Kinase,Benign,4,0.148,0.15,0.063,0.07,0.22
Q15878_CACNA1E_Cav2.3_561-565,saambe3d,ddg_Q15878_CACNA1E_Cav2.3_561-565_str_saambe3d,Kinase,Pathogenic,9,0.313,0.27,0.524,-0.29,1.58
Q15878_CACNA1E_Cav2.3_561-565,mcsmppi,ddg_Q15878_CACNA1E_Cav2.3_561-565_str_mcsmppi,Kinase,Benign,4,-0.602,-0.474,0.788,-1.641,0.18
Q15878_CACNA1E_Cav2.3_561-565,mcsmppi,ddg_Q15878_CACNA1E_Cav2.3_561-565_str_mcsmppi,Kinase,Pathogenic,9,-0.777,-0.674,0.418,-1.528,-0.118
Q15878_CACNA1E_Cav2.3_561-565,ddmutppi,ddg_Q15878_CACNA1E_Cav2.3_561-565_str_ddmutppi,Kinase,Benign,3,-0.12,-0.106,0.052,-0.178,-0.076
Q15878_CACNA1E_Cav2.3_561-565,ddmutppi,ddg_Q15878_CACNA1E_Cav2.3_561-565_str_ddmutppi,Kinase,Pathogenic,6,-0.316,-0.5,0.509,-0.777,0.516
Q66K74_MAP1S_635-639,saambe3d,ddg_Q66K74_MAP1S_635-639_str_saambe3d,Kinase,Benign,4,0.242,0.145,0.276,0.04,0.64
Q66K74_MAP1S_635-639,saambe3d,ddg_Q66K74_MAP1S_635-639_str_saambe3d,Kinase,Pathogenic,9,0.292,0.27,0.468,-0.29,1.39
Q66K74_MAP1S_635-639,foldx,ddg_Q66K74_MAP1S_635-639_str_foldx,Kinase,Benign,4,-0.029,0.0,0.058,-0.116,0.0
Q66K74_MAP1S_635-639,foldx,ddg_Q66K74_MAP1S_635-639_str_foldx,Kinase,Pathogenic,9,-0.24,0.0,0.518,-1.176,0.109
Q66K74_MAP1S_635-639,mcsmppi,ddg_Q66K74_MAP1S_635-639_str_mcsmppi,Kinase,Benign,4,-0.528,-0.285,0.784,-1.663,0.121
Q66K74_MAP1S_635-639,mcsmppi,ddg_Q66K74_MAP1S_635-639_str_mcsmppi,Kinase,Pathogenic,9,-0.783,-0.755,0.472,-1.427,0.03
Q66K74_MAP1S_635-639,ddmutppi,ddg_Q66K74_MAP1S_635-639_str_ddmutppi,Kinase,Benign,4,-0.136,-0.125,0.065,-0.221,-0.073
Q66K74_MAP1S_635-639,ddmutppi,ddg_Q66K74_MAP1S_635-639_str_ddmutppi,Kinase,Pathogenic,9,-0.388,-0.371,0.344,-0.979,0.135
Q66K74_MAP1S_635-639,isee,ddg_Q66K74_MAP1S_635-639_str_isee,Kinase,Benign,4,1.381,1.262,0.334,1.131,1.869
Q66K74_MAP1S_635-639,isee,ddg_Q66K74_MAP1S_635-639_str_isee,Kinase,Pathogenic,9,1.989,1.969,0.509,1.224,2.883
Q66K74_MAP1S_897-901,saambe3d,ddg_Q66K74_MAP1S_897-901_str_saambe3d,Kinase,Benign,4,0.125,0.12,0.084,0.04,0.22
Q66K74_MAP1S_897-901,saambe3d,ddg_Q66K74_MAP1S_897-901_str_saambe3d,Kinase,Pathogenic,9,0.33,0.27,0.57,-0.29,1.73
Q66K74_MAP1S_897-901,foldx,ddg_Q66K74_MAP1S_897-901_str_foldx,Kinase,Benign,4,-0.01,-0.001,0.018,-0.037,0.0
Q66K74_MAP1S_897-901,foldx,ddg_Q66K74_MAP1S_897-901_str_foldx,Kinase,Pathogenic,9,-0.369,0.0,0.784,-2.365,0.021
Q66K74_MAP1S_897-901,mcsmppi,ddg_Q66K74_MAP1S_897-901_str_mcsmppi,Kinase,Benign,4,-0.512,-0.286,0.805,-1.667,0.192
Q66K74_MAP1S_897-901,mcsmppi,ddg_Q66K74_MAP1S_897-901_str_mcsmppi,Kinase,Pathogenic,9,-0.812,-0.663,0.466,-1.428,-0.028
Q66K74_MAP1S_897-901,ddmutppi,ddg_Q66K74_MAP1S_897-901_str_ddmutppi,Kinase,Benign,4,-0.121,-0.122,0.057,-0.178,-0.061
Q66K74_MAP1S_897-901,ddmutppi,ddg_Q66K74_MAP1S_897-901_str_ddmutppi,Kinase,Pathogenic,9,-0.39,-0.489,0.443,-1.055,0.433
Q66K74_MAP1S_897-901,isee,ddg_Q66K74_MAP1S_897-901_str_isee,Kinase,Benign,4,0.795,0.903,0.331,0.312,1.061
Q66K74_MAP1S_897-901,isee,ddg_Q66K74_MAP1S_897-901_str_isee,Kinase,Pathogenic,9,1.877,1.836,0.527,1.196,2.925
Q86YP4_GATAD2A_97-101,saambe3d,ddg_Q86YP4_GATAD2A_97-101_str_saambe3d,Kinase,Benign,4,0.125,0.12,0.084,0.04,0.22
Q86YP4_GATAD2A_97-101,saambe3d,ddg_Q86YP4_GATAD2A_97-101_str_saambe3d,Kinase,Pathogenic,9,0.293,0.36,0.383,-0.29,1.07
Q86YP4_GATAD2A_97-101,foldx,ddg_Q86YP4_GATAD2A_97-101_str_foldx,Kinase,Benign,4,-0.003,0.0,0.006,-0.013,0.0
Q86YP4_GATAD2A_97-101,foldx,ddg_Q86YP4_GATAD2A_97-101_str_foldx,Kinase,Pathogenic,9,-0.626,0.0,1.335,-3.678,0.143
Q86YP4_GATAD2A_97-101,mcsmppi,ddg_Q86YP4_GATAD2A_97-101_str_mcsmppi,Kinase,Benign,4,-0.499,-0.275,0.785,-1.629,0.18
Q86YP4_GATAD2A_97-101,mcsmppi,ddg_Q86YP4_GATAD2A_97-101_str_mcsmppi,Kinase,Pathogenic,9,-0.732,-0.68,0.422,-1.42,-0.025
Q86YP4_GATAD2A_97-101,ddmutppi,ddg_Q86YP4_GATAD2A_97-101_str_ddmutppi,Kinase,Benign,4,-0.129,-0.126,0.055,-0.198,-0.065
Q86YP4_GATAD2A_97-101,ddmutppi,ddg_Q86YP4_GATAD2A_97-101_str_ddmutppi,Kinase,Pathogenic,9,-0.422,-0.474,0.325,-0.812,0.096
Q86YP4_GATAD2A_97-101,isee,ddg_Q86YP4_GATAD2A_97-101_str_isee,Kinase,Benign,4,1.257,1.568,0.795,0.085,1.807
Q86YP4_GATAD2A_97-101,isee,ddg_Q86YP4_GATAD2A_97-101_str_isee,Kinase,Pathogenic,9,2.562,2.61,0.549,1.513,3.297
Q8TAP8_PPP1R35_49-53,saambe3d,ddg_Q8TAP8_PPP1R35_49-53_str_saambe3d,Kinase,Benign,4,0.212,0.23,0.137,0.04,0.35
Q8TAP8_PPP1R35_49-53,saambe3d,ddg_Q8TAP8_PPP1R35_49-53_str_saambe3d,Kinase,Pathogenic,9,0.29,0.32,0.383,-0.29,1.07
Q8TAP8_PPP1R35_49-53,foldx,ddg_Q8TAP8_PPP1R35_49-53_str_foldx,Kinase,Benign,4,-0.328,-0.323,0.378,-0.665,0.0
Q8TAP8_PPP1R35_49-53,foldx,ddg_Q8TAP8_PPP1R35_49-53_str_foldx,Kinase,Pathogenic,9,-0.281,0.0,1.044,-2.893,0.797
Q8TAP8_PPP1R35_49-53,mcsmppi,ddg_Q8TAP8_PPP1R35_49-53_str_mcsmppi,Kinase,Benign,4,-0.616,-0.446,0.728,-1.639,0.068
Q8TAP8_PPP1R35_49-53,mcsmppi,ddg_Q8TAP8_PPP1R35_49-53_str_mcsmppi,Kinase,Pathogenic,9,-0.831,-0.7,0.506,-1.549,0.008
Q8TAP8_PPP1R35_49-53,ddmutppi,ddg_Q8TAP8_PPP1R35_49-53_str_ddmutppi,Kinase,Benign,4,-0.048,-0.073,0.107,-0.136,0.092
Q8TAP8_PPP1R35_49-53,ddmutppi,ddg_Q8TAP8_PPP1R35_49-53_str_ddmutppi,Kinase,Pathogenic,9,-0.397,-0.541,0.515,-1.03,0.547
Q8TAP8_PPP1R35_49-53,isee,ddg_Q8TAP8_PPP1R35_49-53_str_isee,Kinase,Benign,4,1.797,1.82,0.122,1.638,1.911
Q8TAP8_PPP1R35_49-53,isee,ddg_Q8TAP8_PPP1R35_49-53_str_isee,Kinase,Pathogenic,9,3.068,3.126,0.307,2.456,3.59
Q8TAP9_TTDN1_37-41,saambe3d,ddg_Q8TAP9_TTDN1_37-41_str_saambe3d,Kinase,Benign,4,0.125,0.12,0.084,0.04,0.22
Q8TAP9_TTDN1_37-41,saambe3d,ddg_Q8TAP9_TTDN1_37-41_str_saambe3d,Kinase,Pathogenic,9,0.471,0.36,0.573,-0.29,1.39
Q8TAP9_TTDN1_37-41,foldx,ddg_Q8TAP9_TTDN1_37-41_str_foldx,Kinase,Benign,4,-0.0,0.0,0.0,-0.0,0.0
Q8TAP9_TTDN1_37-41,foldx,ddg_Q8TAP9_TTDN1_37-41_str_foldx,Kinase,Pathogenic,9,-0.359,-0.472,0.605,-1.536,0.737
Q8TAP9_TTDN1_37-41,mcsmppi,ddg_Q8TAP9_TTDN1_37-41_str_mcsmppi,Kinase,Benign,4,-0.507,-0.288,0.782,-1.63,0.178
Q8TAP9_TTDN1_37-41,mcsmppi,ddg_Q8TAP9_TTDN1_37-41_str_mcsmppi,Kinase,Pathogenic,9,-0.934,-1.021,0.537,-1.78,-0.039
Q8TAP9_TTDN1_37-41,ddmutppi,ddg_Q8TAP9_TTDN1_37-41_str_ddmutppi,Kinase,Benign,4,-0.112,-0.116,0.041,-0.155,-0.062
Q8TAP9_TTDN1_37-41,ddmutppi,ddg_Q8TAP9_TTDN1_37-41_str_ddmutppi,Kinase,Pathogenic,9,-0.386,-0.527,0.459,-0.96,0.56
Q8TAP9_TTDN1_37-41,isee,ddg_Q8TAP9_TTDN1_37-41_str_isee,Kinase,Benign,4,0.848,0.787,0.43,0.453,1.364
Q8TAP9_TTDN1_37-41,isee,ddg_Q8TAP9_TTDN1_37-41_str_isee,Kinase,Pathogenic,9,2.49,2.563,0.295,2.041,2.945
Q8TAP9_TTDN1_7-11,saambe3d,ddg_Q8TAP9_TTDN1_7-11_str_saambe3d,Kinase,Benign,4,0.125,0.12,0.084,0.04,0.22
Q8TAP9_TTDN1_7-11,saambe3d,ddg_Q8TAP9_TTDN1_7-11_str_saambe3d,Kinase,Pathogenic,9,0.307,0.27,0.506,-0.29,1.52
Q8TAP9_TTDN1_7-11,foldx,ddg_Q8TAP9_TTDN1_7-11_str_foldx,Kinase,Benign,4,-0.0,-0.0,0.0,-0.0,-0.0
Q8TAP9_TTDN1_7-11,foldx,ddg_Q8TAP9_TTDN1_7-11_str_foldx,Kinase,Pathogenic,9,-0.517,-0.467,0.546,-1.491,0.003
Q8TAP9_TTDN1_7-11,mcsmppi,ddg_Q8TAP9_TTDN1_7-11_str_mcsmppi,Kinase,Benign,4,-0.517,-0.293,0.765,-1.619,0.136
Q8TAP9_TTDN1_7-11,mcsmppi,ddg_Q8TAP9_TTDN1_7-11_str_mcsmppi,Kinase,Pathogenic,9,-0.788,-0.727,0.511,-1.45,-0.038
Q8TAP9_TTDN1_7-11,ddmutppi,ddg_Q8TAP9_TTDN1_7-11_str_ddmutppi,Kinase,Benign,4,-0.132,-0.124,0.062,-0.213,-0.068
Q8TAP9_TTDN1_7-11,ddmutppi,ddg_Q8TAP9_TTDN1_7-11_str_ddmutppi,Kinase,Pathogenic,9,-0.562,-0.394,0.578,-1.805,0.172
Q8TAP9_TTDN1_7-11,isee,ddg_Q8TAP9_TTDN1_7-11_str_isee,Kinase,Benign,4,0.785,0.76,0.184,0.586,1.031
Q8TAP9_TTDN1_7-11,isee,ddg_Q8TAP9_TTDN1_7-11_str_isee,Kinase,Pathogenic,9,2.358,2.296,0.48,1.659,2.949
Q8TDM6_DLG5_1112-1116,saambe3d,ddg_Q8TDM6_DLG5_1112-1116_str_saambe3d,Kinase,Benign,4,0.125,0.12,0.084,0.04,0.22
Q8TDM6_DLG5_1112-1116,saambe3d,ddg_Q8TDM6_DLG5_1112-1116_str_saambe3d,Kinase,Pathogenic,9,0.469,0.36,0.577,-0.29,1.48
Q8TDM6_DLG5_1112-1116,foldx,ddg_Q8TDM6_DLG5_1112-1116_str_foldx,Kinase,Benign,4,0.0,0.0,0.0,0.0,0.0
Q8TDM6_DLG5_1112-1116,foldx,ddg_Q8TDM6_DLG5_1112-1116_str_foldx,Kinase,Pathogenic,9,-1.197,-1.125,1.643,-3.844,0.748
Q8TDM6_DLG5_1112-1116,mcsmppi,ddg_Q8TDM6_DLG5_1112-1116_str_mcsmppi,Kinase,Benign,4,-0.516,-0.269,0.785,-1.656,0.13
Q8TDM6_DLG5_1112-1116,mcsmppi,ddg_Q8TDM6_DLG5_1112-1116_str_mcsmppi,Kinase,Pathogenic,9,-0.659,-0.675,0.536,-1.499,0.334
Q8TDM6_DLG5_1112-1116,ddmutppi,ddg_Q8TDM6_DLG5_1112-1116_str_ddmutppi,Kinase,Benign,4,-0.123,-0.115,0.052,-0.194,-0.069
Q8TDM6_DLG5_1112-1116,ddmutppi,ddg_Q8TDM6_DLG5_1112-1116_str_ddmutppi,Kinase,Pathogenic,9,-0.389,-0.359,0.268,-0.772,0.009
Q8TDM6_DLG5_1112-1116,isee,ddg_Q8TDM6_DLG5_1112-1116_str_isee,Kinase,Benign,4,0.619,0.536,0.288,0.37,1.035
Q8TDM6_DLG5_1112-1116,isee,ddg_Q8TDM6_DLG5_1112-1116_str_isee,Kinase,Pathogenic,9,2.19,2.21,0.164,1.788,2.37
Q8TDM6_DLG5_981-985,saambe3d,ddg_Q8TDM6_DLG5_981-985_str_saambe3d,Kinase,Benign,4,0.125,0.12,0.084,0.04,0.22
Q8TDM6_DLG5_981-985,saambe3d,ddg_Q8TDM6_DLG5_981-985_str_saambe3d,Kinase,Pathogenic,9,0.423,0.36,0.512,-0.29,1.24
Q8TDM6_DLG5_981-985,foldx,ddg_Q8TDM6_DLG5_981-985_str_foldx,Kinase,Benign,4,-0.001,0.0,0.008,-0.011,0.009
Q8TDM6_DLG5_981-985,foldx,ddg_Q8TDM6_DLG5_981-985_str_foldx,Kinase,Pathogenic,9,-0.82,0.0,1.23,-3.022,0.06
Q8TDM6_DLG5_981-985,mcsmppi,ddg_Q8TDM6_DLG5_981-985_str_mcsmppi,Kinase,Benign,4,-0.528,-0.292,0.78,-1.656,0.13
Q8TDM6_DLG5_981-985,mcsmppi,ddg_Q8TDM6_DLG5_981-985_str_mcsmppi,Kinase,Pathogenic,9,-0.833,-0.963,0.46,-1.539,-0.073
Q8TDM6_DLG5_981-985,ddmutppi,ddg_Q8TDM6_DLG5_981-985_str_ddmutppi,Kinase,Benign,4,-0.111,-0.111,0.026,-0.142,-0.08
Q8TDM6_DLG5_981-985,ddmutppi,ddg_Q8TDM6_DLG5_981-985_str_ddmutppi,Kinase,Pathogenic,9,-0.338,-0.346,0.3,-0.693,0.356
Q8TDM6_DLG5_981-985,isee,ddg_Q8TDM6_DLG5_981-985_str_isee,Kinase,Benign,4,0.751,0.797,0.266,0.435,0.977
Q8TDM6_DLG5_981-985,isee,ddg_Q8TDM6_DLG5_981-985_str_isee,Kinase,Pathogenic,9,2.249,2.147,0.414,1.716,3.112
Q92974_ARHGEF2_119-123,saambe3d,ddg_Q92974_ARHGEF2_119-123_str_saambe3d,Kinase,Benign,4,0.125,0.12,0.084,0.04,0.22
Q92974_ARHGEF2_119-123,saambe3d,ddg_Q92974_ARHGEF2_119-123_str_saambe3d,Kinase,Pathogenic,9,0.414,0.36,0.502,-0.29,1.21
Q92974_ARHGEF2_119-123,foldx,ddg_Q92974_ARHGEF2_119-123_str_foldx,Kinase,Benign,4,-0.07,0.0,0.14,-0.281,0.0
Q92974_ARHGEF2_119-123,foldx,ddg_Q92974_ARHGEF2_119-123_str_foldx,Kinase,Pathogenic,9,-0.327,0.0,0.845,-2.259,0.344
Q92974_ARHGEF2_119-123,mcsmppi,ddg_Q92974_ARHGEF2_119-123_str_mcsmppi,Kinase,Benign,4,-0.507,-0.271,0.769,-1.621,0.136
Q92974_ARHGEF2_119-123,mcsmppi,ddg_Q92974_ARHGEF2_119-123_str_mcsmppi,Kinase,Pathogenic,9,-0.739,-0.67,0.411,-1.438,-0.067
Q92974_ARHGEF2_119-123,ddmutppi,ddg_Q92974_ARHGEF2_119-123_str_ddmutppi,Kinase,Benign,4,-0.12,-0.119,0.051,-0.181,-0.063
Q92974_ARHGEF2_119-123,ddmutppi,ddg_Q92974_ARHGEF2_119-123_str_ddmutppi,Kinase,Pathogenic,9,-0.348,-0.444,0.387,-0.749,0.412
Q92974_ARHGEF2_119-123,isee,ddg_Q92974_ARHGEF2_119-123_str_isee,Kinase,Benign,4,1.061,0.969,0.412,0.67,1.637
Q92974_ARHGEF2_119-123,isee,ddg_Q92974_ARHGEF2_119-123_str_isee,Kinase,Pathogenic,9,2.698,2.653,0.329,2.182,3.263
Q9HCJ2_NGL-1_KIAA1580_LRRC4C_629-634,saambe3d,ddg_Q9HCJ2_NGL-1_KIAA1580_LRRC4C_629-634_str_saambe3d,Kinase,Benign,4,0.213,0.21,0.147,0.04,0.39
Q9HCJ2_NGL-1_KIAA1580_LRRC4C_629-634,saambe3d,ddg_Q9HCJ2_NGL-1_KIAA1580_LRRC4C_629-634_str_saambe3d,Kinase,Pathogenic,9,0.293,0.27,0.471,-0.29,1.4
Q9HCJ2_NGL-1_KIAA1580_LRRC4C_629-634,foldx,ddg_Q9HCJ2_NGL-1_KIAA1580_LRRC4C_629-634_str_foldx,Kinase,Benign,4,-0.199,-0.028,0.361,-0.739,0.0
Q9HCJ2_NGL-1_KIAA1580_LRRC4C_629-634,foldx,ddg_Q9HCJ2_NGL-1_KIAA1580_LRRC4C_629-634_str_foldx,Kinase,Pathogenic,9,0.248,0.022,0.361,-0.0,0.843
Q9HCJ2_NGL-1_KIAA1580_LRRC4C_629-634,mcsmppi,ddg_Q9HCJ2_NGL-1_KIAA1580_LRRC4C_629-634_str_mcsmppi,Kinase,Benign,4,-0.697,-0.633,0.751,-1.629,0.109
Q9HCJ2_NGL-1_KIAA1580_LRRC4C_629-634,mcsmppi,ddg_Q9HCJ2_NGL-1_KIAA1580_LRRC4C_629-634_str_mcsmppi,Kinase,Pathogenic,9,-0.853,-0.798,0.416,-1.423,-0.152
Q9HCJ2_NGL-1_KIAA1580_LRRC4C_629-634,ddmutppi,ddg_Q9HCJ2_NGL-1_KIAA1580_LRRC4C_629-634_str_ddmutppi,Kinase,Benign,4,-0.105,-0.128,0.053,-0.14,-0.026
Q9HCJ2_NGL-1_KIAA1580_LRRC4C_629-634,ddmutppi,ddg_Q9HCJ2_NGL-1_KIAA1580_LRRC4C_629-634_str_ddmutppi,Kinase,Pathogenic,9,-0.602,-0.61,0.689,-1.933,0.409
Q9P2Y4_ZNF219_111-115,saambe3d,ddg_Q9P2Y4_ZNF219_111-115_str_saambe3d,Kinase,Benign,4,0.165,0.185,0.067,0.07,0.22
Q9P2Y4_ZNF219_111-115,saambe3d,ddg_Q9P2Y4_ZNF219_111-115_str_saambe3d,Kinase,Pathogenic,9,0.35,0.36,0.424,-0.29,1.07
Q9P2Y4_ZNF219_111-115,foldx,ddg_Q9P2Y4_ZNF219_111-115_str_foldx,Kinase,Benign,4,0.001,0.0,0.002,-0.0,0.005
Q9P2Y4_ZNF219_111-115,foldx,ddg_Q9P2Y4_ZNF219_111-115_str_foldx,Kinase,Pathogenic,9,-0.066,0.0,0.274,-0.625,0.243
Q9P2Y4_ZNF219_111-115,mcsmppi,ddg_Q9P2Y4_ZNF219_111-115_str_mcsmppi,Kinase,Benign,4,-0.519,-0.287,0.766,-1.629,0.125
Q9P2Y4_ZNF219_111-115,mcsmppi,ddg_Q9P2Y4_ZNF219_111-115_str_mcsmppi,Kinase,Pathogenic,9,-0.744,-0.826,0.55,-1.482,0.222
Q9P2Y4_ZNF219_111-115,ddmutppi,ddg_Q9P2Y4_ZNF219_111-115_str_ddmutppi,Kinase,Benign,4,-0.115,-0.109,0.05,-0.181,-0.06
Q9P2Y4_ZNF219_111-115,ddmutppi,ddg_Q9P2Y4_ZNF219_111-115_str_ddmutppi,Kinase,Pathogenic,9,-0.477,-0.548,0.275,-0.769,0.046
Q9P2Y4_ZNF219_111-115,isee,ddg_Q9P2Y4_ZNF219_111-115_str_isee,Kinase,Benign,4,1.023,0.993,0.448,0.538,1.57
Q9P2Y4_ZNF219_111-115,isee,ddg_Q9P2Y4_ZNF219_111-115_str_isee,Kinase,Pathogenic,9,2.203,2.365,0.412,1.553,2.713
Q9P2Y4_ZNF219_408-412,saambe3d,ddg_Q9P2Y4_ZNF219_408-412_str_saambe3d,Kinase,Benign,4,0.125,0.12,0.084,0.04,0.22
Q9P2Y4_ZNF219_408-412,saambe3d,ddg_Q9P2Y4_ZNF219_408-412_str_saambe3d,Kinase,Pathogenic,9,0.257,0.27,0.377,-0.29,1.07
Q9P2Y4_ZNF219_408-412,foldx,ddg_Q9P2Y4_ZNF219_408-412_str_foldx,Kinase,Benign,4,0.0,0.0,0.0,0.0,0.0
Q9P2Y4_ZNF219_408-412,foldx,ddg_Q9P2Y4_ZNF219_408-412_str_foldx,Kinase,Pathogenic,9,-0.673,-0.007,1.396,-4.243,0.028
Q9P2Y4_ZNF219_408-412,mcsmppi,ddg_Q9P2Y4_ZNF219_408-412_str_mcsmppi,Kinase,Benign,4,-0.503,-0.275,0.746,-1.583,0.121
Q9P2Y4_ZNF219_408-412,mcsmppi,ddg_Q9P2Y4_ZNF219_408-412_str_mcsmppi,Kinase,Pathogenic,9,-0.823,-0.927,0.463,-1.447,0.027
Q9P2Y4_ZNF219_408-412,ddmutppi,ddg_Q9P2Y4_ZNF219_408-412_str_ddmutppi,Kinase,Benign,4,-0.123,-0.114,0.061,-0.2,-0.063
Q9P2Y4_ZNF219_408-412,ddmutppi,ddg_Q9P2Y4_ZNF219_408-412_str_ddmutppi,Kinase,Pathogenic,9,-0.337,-0.493,0.432,-0.806,0.437
Q9P2Y4_ZNF219_408-412,isee,ddg_Q9P2Y4_ZNF219_408-412_str_isee,Kinase,Benign,4,0.638,0.493,0.426,0.311,1.256
Q9P2Y4_ZNF219_408-412,isee,ddg_Q9P2Y4_ZNF219_408-412_str_isee,Kinase,Pathogenic,9,1.692,1.665,0.513,1.035,2.89
Q9P2Y4_ZNF219_595-599,saambe3d,ddg_Q9P2Y4_ZNF219_595-599_str_saambe3d,Kinase,Benign,4,0.125,0.12,0.084,0.04,0.22
Q9P2Y4_ZNF219_595-599,saambe3d,ddg_Q9P2Y4_ZNF219_595-599_str_saambe3d,Kinase,Pathogenic,9,0.257,0.27,0.377,-0.29,1.07
Q9P2Y4_ZNF219_595-599,foldx,ddg_Q9P2Y4_ZNF219_595-599_str_foldx,Kinase,Benign,4,-0.002,0.0,0.005,-0.01,0.0
Q9P2Y4_ZNF219_595-599,foldx,ddg_Q9P2Y4_ZNF219_595-599_str_foldx,Kinase,Pathogenic,9,-0.311,0.0,0.698,-1.667,0.174
Q9P2Y4_ZNF219_595-599,mcsmppi,ddg_Q9P2Y4_ZNF219_595-599_str_mcsmppi,Kinase,Benign,4,-0.505,-0.281,0.781,-1.629,0.17
Q9P2Y4_ZNF219_595-599,mcsmppi,ddg_Q9P2Y4_ZNF219_595-599_str_mcsmppi,Kinase,Pathogenic,9,-0.841,-0.683,0.426,-1.444,-0.149
Q9P2Y4_ZNF219_595-599,ddmutppi,ddg_Q9P2Y4_ZNF219_595-599_str_ddmutppi,Kinase,Benign,4,-0.135,-0.128,0.066,-0.219,-0.066
Q9P2Y4_ZNF219_595-599,ddmutppi,ddg_Q9P2Y4_ZNF219_595-599_str_ddmutppi,Kinase,Pathogenic,9,-0.338,-0.395,0.502,-1.032,0.697
Q9P2Y4_ZNF219_595-599,isee,ddg_Q9P2Y4_ZNF219_595-599_str_isee,Kinase,Benign,4,0.72,0.577,0.403,0.419,1.308
Q9P2Y4_ZNF219_595-599,isee,ddg_Q9P2Y4_ZNF219_595-599_str_isee,Kinase,Pathogenic,9,2.141,2.133,0.341,1.675,2.708
Q9UPN4_CEP131_32-36,saambe3d,ddg_Q9UPN4_CEP131_32-36_str_saambe3d,Kinase,Benign,4,0.125,0.12,0.084,0.04,0.22
Q9UPN4_CEP131_32-36,saambe3d,ddg_Q9UPN4_CEP131_32-36_str_saambe3d,Kinase,Pathogenic,9,0.268,0.27,0.405,-0.29,1.17
Q9UPN4_CEP131_32-36,foldx,ddg_Q9UPN4_CEP131_32-36_str_foldx,Kinase,Benign,4,0.0,0.0,0.0,0.0,0.0
Q9UPN4_CEP131_32-36,foldx,ddg_Q9UPN4_CEP131_32-36_str_foldx,Kinase,Pathogenic,9,-0.557,-0.098,0.972,-2.477,0.0
Q9UPN4_CEP131_32-36,mcsmppi,ddg_Q9UPN4_CEP131_32-36_str_mcsmppi,Kinase,Benign,4,-0.5,-0.271,0.791,-1.639,0.182
Q9UPN4_CEP131_32-36,mcsmppi,ddg_Q9UPN4_CEP131_32-36_str_mcsmppi,Kinase,Pathogenic,9,-0.829,-0.712,0.481,-1.436,-0.007
Q9UPN4_CEP131_32-36,ddmutppi,ddg_Q9UPN4_CEP131_32-36_str_ddmutppi,Kinase,Benign,4,-0.132,-0.127,0.058,-0.206,-0.069
Q9UPN4_CEP131_32-36,ddmutppi,ddg_Q9UPN4_CEP131_32-36_str_ddmutppi,Kinase,Pathogenic,9,-0.62,-0.465,0.577,-1.804,0.114
Q9UPN4_CEP131_32-36,isee,ddg_Q9UPN4_CEP131_32-36_str_isee,Kinase,Benign,4,0.739,0.808,0.315,0.321,1.02
Q9UPN4_CEP131_32-36,isee,ddg_Q9UPN4_CEP131_32-36_str_isee,Kinase,Pathogenic,9,2.035,2.058,0.538,0.828,2.827
